transaction_id,account_id,amount,currency,transaction_type,merchant,country,transaction_date,status
T1000,A813,3423.79,USD,credit,Spotify,DE,2024-04-04,failed
T1001,A402,2074.47,USD,debit,Uber,FR,2024-01-30,completed
T1002,A516,4403.3,USD,transfer,Walmart,US,2024-02-05,pending
T1003,A291,3408.94,USD,debit,Walmart,FR,2024-01-07,failed
T1004,A260,3963.67,USD,transfer,Walmart,FR,2024-02-16,pending
T1005,A675,1142.2,USD,debit,Amazon,DE,2024-08-21,failed
T1006,A930,1282.64,USD,credit,Walmart,UK,2024-04-15,failed
T1007,A823,4152.66,USD,debit,Uber,US,2024-03-25,failed
T1008,A649,3708.09,USD,transfer,Netflix,US,2024-05-31,completed
T1009,A120,2820.57,USD,debit,Apple,FR,2024-12-17,completed
T1010,A448,3620.5,USD,credit,Spotify,DE,2024-10-14,failed
T1011,A598,1165.77,USD,debit,Netflix,UK,2024-11-19,pending
T1012,A189,2615.76,USD,debit,Netflix,FR,2024-08-01,failed
T1013,A845,1588.05,USD,credit,Walmart,UK,2024-09-17,failed
T1014,A674,421.92,USD,credit,Amazon,UK,2024-08-04,completed
T1015,A330,4549.58,USD,credit,Amazon,UK,2024-06-24,completed
T1016,A676,3594.21,USD,debit,Amazon,DE,2024-03-08,pending
T1017,A582,4758.1,USD,credit,Amazon,FR,2024-06-19,completed
T1018,A971,751.91,USD,credit,Walmart,DE,2024-12-26,failed
T1019,A555,710.5,USD,transfer,Spotify,FR,2024-10-04,failed
T1020,A702,1416.21,USD,credit,Spotify,UK,2024-09-29,pending
T1021,A887,1291.13,USD,credit,Spotify,DE,2024-07-12,failed
T1022,A142,578.33,USD,transfer,Walmart,FR,2024-04-07,failed
T1023,A732,2214.38,USD,credit,Walmart,US,2024-03-04,pending
T1024,A236,4194.59,USD,credit,Spotify,UK,2024-01-15,failed
T1025,A497,4526.76,USD,debit,Apple,FR,2024-03-19,completed
T1026,A630,1088.84,USD,transfer,Spotify,DE,2024-03-06,pending
T1027,A372,1975.1,USD,debit,Amazon,FR,2024-04-11,failed
T1028,A219,3965.91,USD,credit,Walmart,DE,2024-12-28,completed
T1029,A546,1914.48,USD,debit,Uber,FR,2024-12-03,completed
T1030,A899,2357.64,USD,credit,Spotify,FR,2024-04-17,failed
T1031,A184,4148.43,USD,transfer,Spotify,UK,2024-09-29,completed
T1032,A582,1395.82,USD,transfer,Spotify,US,2024-09-29,completed
T1033,A885,901.85,USD,transfer,Apple,US,2024-05-30,pending
T1034,A102,2709.08,USD,debit,Netflix,UK,2024-04-02,pending
T1035,A698,2172.44,USD,transfer,Netflix,DE,2024-12-25,failed
T1036,A762,4325.92,USD,credit,Netflix,FR,2024-03-14,failed
T1037,A841,1866.26,USD,debit,Walmart,DE,2024-07-15,failed
T1038,A141,729.76,USD,credit,Amazon,UK,2024-07-12,pending
T1039,A582,96.38,USD,transfer,Uber,UK,2024-05-28,failed
T1040,A591,1145.25,USD,debit,Amazon,UK,2024-10-13,completed
T1041,A911,2664.52,USD,credit,Spotify,FR,2024-08-24,failed
T1042,A771,2212.76,USD,debit,Spotify,DE,2024-03-23,pending
T1043,A348,3588.24,USD,transfer,Walmart,DE,2024-05-11,failed
T1044,A323,462.48,USD,debit,Amazon,US,2024-10-14,completed
T1045,A591,4632.79,USD,transfer,Spotify,DE,2024-10-09,completed
T1046,A441,1747.32,USD,transfer,Amazon,DE,2024-06-13,pending
T1047,A819,3894.09,USD,transfer,Amazon,DE,2024-03-12,pending
T1048,A867,1539.95,USD,transfer,Netflix,US,2024-01-13,pending
T1049,A245,516.62,USD,debit,Spotify,UK,2024-08-14,pending
T1050,A891,4048.11,USD,credit,Netflix,DE,2024-10-19,completed
T1051,A645,60.63,USD,transfer,Walmart,DE,2024-12-30,pending
T1052,A365,4289.23,USD,transfer,Walmart,FR,2024-04-04,completed
T1053,A642,2864.18,USD,credit,Walmart,DE,2024-03-06,completed
T1054,A325,2873.99,USD,debit,Spotify,UK,2024-05-21,pending
T1055,A726,1235.75,USD,transfer,Spotify,DE,2024-07-17,failed
T1056,A258,1748.29,USD,credit,Walmart,UK,2024-10-11,failed
T1057,A797,1257.79,USD,transfer,Uber,US,2024-05-20,pending
T1058,A772,2253.53,USD,debit,Walmart,FR,2024-06-11,failed
T1059,A357,2320.89,USD,credit,Amazon,DE,2024-02-09,failed
T1060,A559,2943.6,USD,transfer,Netflix,UK,2024-12-30,completed
T1061,A858,4819.39,USD,debit,Spotify,DE,2024-07-15,pending
T1062,A436,824.54,USD,credit,Amazon,DE,2024-06-13,pending
T1063,A691,3040.86,USD,debit,Apple,UK,2024-07-14,completed
T1064,A927,4066.16,USD,debit,Walmart,FR,2024-11-05,completed
T1065,A127,2192.6,USD,debit,Walmart,DE,2024-06-27,pending
T1066,A419,549.1,USD,transfer,Netflix,DE,2024-09-21,pending
T1067,A598,537.11,USD,transfer,Walmart,FR,2024-10-14,completed
T1068,A559,3061.01,USD,transfer,Amazon,UK,2024-07-25,pending
T1069,A399,4012.13,USD,credit,Amazon,DE,2024-03-02,completed
T1070,A998,2393.68,USD,credit,Spotify,US,2024-07-31,pending
T1071,A205,1401.91,USD,transfer,Spotify,FR,2024-06-06,completed
T1072,A480,1811.78,USD,debit,Apple,FR,2024-05-03,failed
T1073,A162,2661.43,USD,transfer,Netflix,FR,2024-08-03,pending
T1074,A989,2798.11,USD,credit,Walmart,US,2024-03-05,pending
T1075,A398,1224.47,USD,transfer,Amazon,FR,2024-12-22,completed
T1076,A278,553.16,USD,debit,Amazon,DE,2024-07-04,failed
T1077,A846,1949.91,USD,debit,Uber,FR,2024-03-31,completed
T1078,A941,3578.38,USD,transfer,Uber,DE,2024-05-19,failed
T1079,A485,3009.73,USD,credit,Netflix,UK,2024-09-16,failed
T1080,A124,3502.36,USD,credit,Apple,UK,2024-07-26,completed
T1081,A426,4480.09,USD,credit,Apple,DE,2024-07-12,pending
T1082,A895,3219.96,USD,transfer,Netflix,US,2024-03-02,completed
T1083,A505,3154.43,USD,credit,Uber,DE,2024-09-16,pending
T1084,A904,2036.59,USD,transfer,Spotify,FR,2024-06-04,failed
T1085,A529,1795.85,USD,transfer,Uber,DE,2024-01-05,completed
T1086,A471,699.44,USD,transfer,Uber,UK,2024-08-27,completed
T1087,A998,4184.46,USD,transfer,Uber,DE,2024-03-20,failed
T1088,A167,623.95,USD,credit,Walmart,DE,2024-02-19,failed
T1089,A424,1273.18,USD,credit,Netflix,UK,2024-03-20,pending
T1090,A863,1781.35,USD,transfer,Netflix,FR,2024-03-19,failed
T1091,A364,2013.7,USD,debit,Apple,DE,2024-04-07,pending
T1092,A768,925.03,USD,debit,Uber,UK,2024-02-16,completed
T1093,A884,4894.78,USD,debit,Netflix,FR,2024-05-29,pending
T1094,A495,617.65,USD,transfer,Netflix,DE,2024-12-13,pending
T1095,A497,113.46,USD,credit,Apple,UK,2024-12-15,completed
T1096,A347,3319.45,USD,credit,Netflix,US,2024-02-01,pending
T1097,A196,2874.62,USD,debit,Amazon,FR,2024-02-13,pending
T1098,A311,3016.94,USD,debit,Amazon,UK,2024-11-17,pending
T1099,A855,1531.95,USD,credit,Walmart,DE,2024-01-14,failed
T1100,A686,4170.88,USD,debit,Apple,UK,2024-03-04,pending
T1101,A615,449.12,USD,credit,Spotify,UK,2024-02-05,pending
T1102,A772,2068.68,USD,debit,Amazon,FR,2024-10-10,failed
T1103,A697,3837.76,USD,debit,Apple,UK,2024-06-12,pending
T1104,A575,4726.0,USD,debit,Uber,FR,2024-12-21,pending
T1105,A631,1587.11,USD,transfer,Apple,DE,2024-12-26,pending
T1106,A809,4734.47,USD,debit,Apple,US,2024-07-04,completed
T1107,A827,3162.22,USD,debit,Amazon,US,2024-04-27,failed
T1108,A310,873.91,USD,transfer,Amazon,UK,2024-04-09,completed
T1109,A235,559.32,USD,debit,Amazon,US,2024-03-27,pending
T1110,A269,1461.14,USD,debit,Uber,FR,2024-04-25,completed
T1111,A546,2780.77,USD,debit,Walmart,UK,2024-02-27,completed
T1112,A899,1190.58,USD,transfer,Uber,UK,2024-07-26,completed
T1113,A779,1356.53,USD,transfer,Spotify,UK,2024-10-01,failed
T1114,A755,4054.84,USD,transfer,Spotify,UK,2024-08-03,failed
T1115,A383,3863.6,USD,debit,Apple,FR,2024-06-07,completed
T1116,A269,4105.01,USD,debit,Amazon,UK,2024-03-13,pending
T1117,A257,2697.59,USD,debit,Netflix,DE,2024-05-09,pending
T1118,A370,3761.3,USD,transfer,Amazon,FR,2024-03-09,completed
T1119,A531,4870.87,USD,transfer,Uber,US,2024-05-31,failed
