[
  {
    "column": "Customer_ID",
    "type": "not_null",
    "id": "R1"
  },
  {
    "column": "Customer_ID",
    "type": "unique",
    "id": "R2"
  },
  {
    "column": "Customer_Name",
    "type": "not_null",
    "id": "R3"
  },
  {
    "column": "Gender",
    "type": "not_null",
    "id": "R4"
  },
  {
    "column": "Age",
    "type": "not_null",
    "id": "R5"
  },
  {
    "column": "Age",
    "type": "range",
    "min": 18.0,
    "max": 70.0,
    "id": "R6"
  },
  {
    "column": "State",
    "type": "not_null",
    "id": "R7"
  },
  {
    "column": "City",
    "type": "not_null",
    "id": "R8"
  },
  {
    "column": "Bank_Branch",
    "type": "not_null",
    "id": "R9"
  },
  {
    "column": "Account_Type",
    "type": "not_null",
    "id": "R10"
  },
  {
    "column": "Transaction_ID",
    "type": "not_null",
    "id": "R11"
  },
  {
    "column": "Transaction_ID",
    "type": "unique",
    "id": "R12"
  },
  {
    "column": "Transaction_Date",
    "type": "not_null",
    "id": "R13"
  },
  {
    "column": "Transaction_Time",
    "type": "not_null",
    "id": "R14"
  },
  {
    "column": "Transaction_Amount",
    "type": "not_null",
    "id": "R15"
  },
  {
    "column": "Transaction_Amount",
    "type": "range",
    "min": 10.29,
    "max": 98999.98,
    "id": "R16"
  },
  {
    "column": "Merchant_ID",
    "type": "not_null",
    "id": "R17"
  },
  {
    "column": "Merchant_ID",
    "type": "unique",
    "id": "R18"
  },
  {
    "column": "Transaction_Type",
    "type": "not_null",
    "id": "R19"
  },
  {
    "column": "Merchant_Category",
    "type": "not_null",
    "id": "R20"
  },
  {
    "column": "Account_Balance",
    "type": "not_null",
    "id": "R21"
  },
  {
    "column": "Account_Balance",
    "type": "range",
    "min": 5000.82,
    "max": 99999.95,
    "id": "R22"
  },
  {
    "column": "Transaction_Device",
    "type": "not_null",
    "id": "R23"
  },
  {
    "column": "Transaction_Location",
    "type": "not_null",
    "id": "R24"
  },
  {
    "column": "Device_Type",
    "type": "not_null",
    "id": "R25"
  },
  {
    "column": "Is_Fraud",
    "type": "not_null",
    "id": "R26"
  },
  {
    "column": "Is_Fraud",
    "type": "range",
    "min": 0.0,
    "max": 1.0,
    "id": "R27"
  },
  {
    "column": "Transaction_Currency",
    "type": "not_null",
    "id": "R28"
  },
  {
    "column": "Customer_Contact",
    "type": "not_null",
    "id": "R29"
  },
  {
    "column": "Transaction_Description",
    "type": "not_null",
    "id": "R30"
  },
  {
    "column": "Customer_Email",
    "type": "not_null",
    "id": "R31"
  },
  {
    "column": "Gender",
    "type": "categorical",
    "values": [
      "Male",
      "Female"
    ],
    "id": "R32"
  },
  {
    "column": "Account_Type",
    "type": "categorical",
    "values": [
      "Savings",
      "Business",
      "Checking"
    ],
    "id": "R33"
  },
  {
    "column": "Transaction_Type",
    "type": "categorical",
    "values": [
      "Transfer",
      "Bill Payment",
      "Debit",
      "Withdrawal",
      "Credit"
    ],
    "id": "R34"
  },
  {
    "column": "Merchant_Category",
    "type": "categorical",
    "values": [
      "Restaurant",
      "Groceries",
      "Entertainment",
      "Health",
      "Clothing",
      "Electronics"
    ],
    "id": "R35"
  },
  {
    "column": "Transaction_Device",
    "type": "categorical",
    "values": [
      "Voice Assistant",
      "POS Mobile Device",
      "ATM",
      "POS Mobile App",
      "Virtual Card",
      "Mobile Device",
      "Payment Gateway Device",
      "Debit/Credit Card",
      "Bank Branch",
      "Desktop/Laptop",
      "Self-service Banking Machine",
      "ATM Booth Kiosk",
      "Biometric Scanner",
      "Web Browser",
      "Tablet",
      "Wearable Device",
      "QR Code Scanner",
      "Smart Card",
      "POS Terminal",
      "Banking Chatbot"
    ],
    "id": "R36"
  },
  {
    "column": "Device_Type",
    "type": "categorical",
    "values": [
      "POS",
      "Desktop",
      "Mobile",
      "ATM"
    ],
    "id": "R37"
  },
  {
    "column": "Transaction_Currency",
    "type": "categorical",
    "values": [
      "INR"
    ],
    "id": "R38"
  },
  {
    "column": "Customer_ID",
    "type": "regex",
    "pattern": "^[A-Za-z0-9\\-]+$",
    "id": "R39"
  },
  {
    "column": "Gender",
    "type": "regex",
    "pattern": "^[A-Za-z]+$",
    "id": "R40"
  },
  {
    "column": "State",
    "type": "regex",
    "pattern": "^[A-Za-z]+$",
    "id": "R41"
  },
  {
    "column": "City",
    "type": "regex",
    "pattern": "^[A-Za-z]+$",
    "id": "R42"
  },
  {
    "column": "Account_Type",
    "type": "regex",
    "pattern": "^[A-Za-z]+$",
    "id": "R43"
  },
  {
    "column": "Transaction_ID",
    "type": "regex",
    "pattern": "^[A-Za-z0-9\\-]+$",
    "id": "R44"
  },
  {
    "column": "Transaction_Date",
    "type": "regex",
    "pattern": "^[0-9\\-]+$",
    "id": "R45"
  },
  {
    "column": "Merchant_ID",
    "type": "regex",
    "pattern": "^[A-Za-z0-9\\-]+$",
    "id": "R46"
  },
  {
    "column": "Transaction_Type",
    "type": "regex",
    "pattern": "^[A-Za-z]+$",
    "id": "R47"
  },
  {
    "column": "Merchant_Category",
    "type": "regex",
    "pattern": "^[A-Za-z]+$",
    "id": "R48"
  },
  {
    "column": "Device_Type",
    "type": "regex",
    "pattern": "^[A-Za-z]+$",
    "id": "R49"
  },
  {
    "column": "Transaction_Currency",
    "type": "regex",
    "pattern": "^[A-Za-z]+$",
    "id": "R50"
  },
  {
    "type": "fd",
    "determinant": "Customer_ID",
    "dependent": "Customer_Name",
    "id": "R51"
  },
  {
    "type": "fd",
    "determinant": "Customer_ID",
    "dependent": "Gender",
    "id": "R52"
  },
  {
    "type": "fd",
    "determinant": "Customer_ID",
    "dependent": "Age",
    "id": "R53"
  },
  {
    "type": "fd",
    "determinant": "Customer_ID",
    "dependent": "State",
    "id": "R54"
  },
  {
    "type": "fd",
    "determinant": "Customer_ID",
    "dependent": "City",
    "id": "R55"
  },
  {
    "type": "fd",
    "determinant": "Customer_ID",
    "dependent": "Bank_Branch",
    "id": "R56"
  },
  {
    "type": "fd",
    "determinant": "Customer_ID",
    "dependent": "Account_Type",
    "id": "R57"
  },
  {
    "type": "fd",
    "determinant": "Customer_ID",
    "dependent": "Transaction_ID",
    "id": "R58"
  },
  {
    "type": "fd",
    "determinant": "Customer_ID",
    "dependent": "Transaction_Date",
    "id": "R59"
  },
  {
    "type": "fd",
    "determinant": "Customer_ID",
    "dependent": "Transaction_Time",
    "id": "R60"
  },
  {
    "type": "fd",
    "determinant": "Customer_ID",
    "dependent": "Transaction_Amount",
    "id": "R61"
  },
  {
    "type": "fd",
    "determinant": "Customer_ID",
    "dependent": "Merchant_ID",
    "id": "R62"
  },
  {
    "type": "fd",
    "determinant": "Customer_ID",
    "dependent": "Transaction_Type",
    "id": "R63"
  },
  {
    "type": "fd",
    "determinant": "Customer_ID",
    "dependent": "Merchant_Category",
    "id": "R64"
  },
  {
    "type": "fd",
    "determinant": "Customer_ID",
    "dependent": "Account_Balance",
    "id": "R65"
  },
  {
    "type": "fd",
    "determinant": "Customer_ID",
    "dependent": "Transaction_Device",
    "id": "R66"
  },
  {
    "type": "fd",
    "determinant": "Customer_ID",
    "dependent": "Transaction_Location",
    "id": "R67"
  },
  {
    "type": "fd",
    "determinant": "Customer_ID",
    "dependent": "Device_Type",
    "id": "R68"
  },
  {
    "type": "fd",
    "determinant": "Customer_ID",
    "dependent": "Is_Fraud",
    "id": "R69"
  },
  {
    "type": "fd",
    "determinant": "Customer_ID",
    "dependent": "Transaction_Currency",
    "id": "R70"
  },
  {
    "type": "fd",
    "determinant": "Customer_ID",
    "dependent": "Customer_Contact",
    "id": "R71"
  },
  {
    "type": "fd",
    "determinant": "Customer_ID",
    "dependent": "Transaction_Description",
    "id": "R72"
  },
  {
    "type": "fd",
    "determinant": "Customer_ID",
    "dependent": "Customer_Email",
    "id": "R73"
  },
  {
    "type": "fd",
    "determinant": "Customer_Name",
    "dependent": "Transaction_Currency",
    "id": "R74"
  },
  {
    "type": "fd",
    "determinant": "Gender",
    "dependent": "Transaction_Currency",
    "id": "R75"
  },
  {
    "type": "fd",
    "determinant": "Age",
    "dependent": "Transaction_Currency",
    "id": "R76"
  },
  {
    "type": "fd",
    "determinant": "State",
    "dependent": "Transaction_Currency",
    "id": "R77"
  },
  {
    "type": "fd",
    "determinant": "City",
    "dependent": "Bank_Branch",
    "id": "R78"
  },
  {
    "type": "fd",
    "determinant": "City",
    "dependent": "Transaction_Currency",
    "id": "R79"
  },
  {
    "type": "fd",
    "determinant": "Bank_Branch",
    "dependent": "City",
    "id": "R80"
  },
  {
    "type": "fd",
    "determinant": "Bank_Branch",
    "dependent": "Transaction_Currency",
    "id": "R81"
  },
  {
    "type": "fd",
    "determinant": "Account_Type",
    "dependent": "Transaction_Currency",
    "id": "R82"
  },
  {
    "type": "fd",
    "determinant": "Transaction_ID",
    "dependent": "Customer_ID",
    "id": "R83"
  },
  {
    "type": "fd",
    "determinant": "Transaction_ID",
    "dependent": "Customer_Name",
    "id": "R84"
  },
  {
    "type": "fd",
    "determinant": "Transaction_ID",
    "dependent": "Gender",
    "id": "R85"
  },
  {
    "type": "fd",
    "determinant": "Transaction_ID",
    "dependent": "Age",
    "id": "R86"
  },
  {
    "type": "fd",
    "determinant": "Transaction_ID",
    "dependent": "State",
    "id": "R87"
  },
  {
    "type": "fd",
    "determinant": "Transaction_ID",
    "dependent": "City",
    "id": "R88"
  },
  {
    "type": "fd",
    "determinant": "Transaction_ID",
    "dependent": "Bank_Branch",
    "id": "R89"
  },
  {
    "type": "fd",
    "determinant": "Transaction_ID",
    "dependent": "Account_Type",
    "id": "R90"
  },
  {
    "type": "fd",
    "determinant": "Transaction_ID",
    "dependent": "Transaction_Date",
    "id": "R91"
  },
  {
    "type": "fd",
    "determinant": "Transaction_ID",
    "dependent": "Transaction_Time",
    "id": "R92"
  },
  {
    "type": "fd",
    "determinant": "Transaction_ID",
    "dependent": "Transaction_Amount",
    "id": "R93"
  },
  {
    "type": "fd",
    "determinant": "Transaction_ID",
    "dependent": "Merchant_ID",
    "id": "R94"
  },
  {
    "type": "fd",
    "determinant": "Transaction_ID",
    "dependent": "Transaction_Type",
    "id": "R95"
  },
  {
    "type": "fd",
    "determinant": "Transaction_ID",
    "dependent": "Merchant_Category",
    "id": "R96"
  },
  {
    "type": "fd",
    "determinant": "Transaction_ID",
    "dependent": "Account_Balance",
    "id": "R97"
  },
  {
    "type": "fd",
    "determinant": "Transaction_ID",
    "dependent": "Transaction_Device",
    "id": "R98"
  },
  {
    "type": "fd",
    "determinant": "Transaction_ID",
    "dependent": "Transaction_Location",
    "id": "R99"
  },
  {
    "type": "fd",
    "determinant": "Transaction_ID",
    "dependent": "Device_Type",
    "id": "R100"
  },
  {
    "type": "fd",
    "determinant": "Transaction_ID",
    "dependent": "Is_Fraud",
    "id": "R101"
  },
  {
    "type": "fd",
    "determinant": "Transaction_ID",
    "dependent": "Transaction_Currency",
    "id": "R102"
  },
  {
    "type": "fd",
    "determinant": "Transaction_ID",
    "dependent": "Customer_Contact",
    "id": "R103"
  },
  {
    "type": "fd",
    "determinant": "Transaction_ID",
    "dependent": "Transaction_Description",
    "id": "R104"
  },
  {
    "type": "fd",
    "determinant": "Transaction_ID",
    "dependent": "Customer_Email",
    "id": "R105"
  },
  {
    "type": "fd",
    "determinant": "Transaction_Date",
    "dependent": "Transaction_Currency",
    "id": "R106"
  },
  {
    "type": "fd",
    "determinant": "Transaction_Time",
    "dependent": "Transaction_Currency",
    "id": "R107"
  },
  {
    "type": "fd",
    "determinant": "Transaction_Amount",
    "dependent": "Transaction_Currency",
    "id": "R108"
  },
  {
    "type": "fd",
    "determinant": "Merchant_ID",
    "dependent": "Customer_ID",
    "id": "R109"
  },
  {
    "type": "fd",
    "determinant": "Merchant_ID",
    "dependent": "Customer_Name",
    "id": "R110"
  },
  {
    "type": "fd",
    "determinant": "Merchant_ID",
    "dependent": "Gender",
    "id": "R111"
  },
  {
    "type": "fd",
    "determinant": "Merchant_ID",
    "dependent": "Age",
    "id": "R112"
  },
  {
    "type": "fd",
    "determinant": "Merchant_ID",
    "dependent": "State",
    "id": "R113"
  },
  {
    "type": "fd",
    "determinant": "Merchant_ID",
    "dependent": "City",
    "id": "R114"
  },
  {
    "type": "fd",
    "determinant": "Merchant_ID",
    "dependent": "Bank_Branch",
    "id": "R115"
  },
  {
    "type": "fd",
    "determinant": "Merchant_ID",
    "dependent": "Account_Type",
    "id": "R116"
  },
  {
    "type": "fd",
    "determinant": "Merchant_ID",
    "dependent": "Transaction_ID",
    "id": "R117"
  },
  {
    "type": "fd",
    "determinant": "Merchant_ID",
    "dependent": "Transaction_Date",
    "id": "R118"
  },
  {
    "type": "fd",
    "determinant": "Merchant_ID",
    "dependent": "Transaction_Time",
    "id": "R119"
  },
  {
    "type": "fd",
    "determinant": "Merchant_ID",
    "dependent": "Transaction_Amount",
    "id": "R120"
  },
  {
    "type": "fd",
    "determinant": "Merchant_ID",
    "dependent": "Transaction_Type",
    "id": "R121"
  },
  {
    "type": "fd",
    "determinant": "Merchant_ID",
    "dependent": "Merchant_Category",
    "id": "R122"
  },
  {
    "type": "fd",
    "determinant": "Merchant_ID",
    "dependent": "Account_Balance",
    "id": "R123"
  },
  {
    "type": "fd",
    "determinant": "Merchant_ID",
    "dependent": "Transaction_Device",
    "id": "R124"
  },
  {
    "type": "fd",
    "determinant": "Merchant_ID",
    "dependent": "Transaction_Location",
    "id": "R125"
  },
  {
    "type": "fd",
    "determinant": "Merchant_ID",
    "dependent": "Device_Type",
    "id": "R126"
  },
  {
    "type": "fd",
    "determinant": "Merchant_ID",
    "dependent": "Is_Fraud",
    "id": "R127"
  },
  {
    "type": "fd",
    "determinant": "Merchant_ID",
    "dependent": "Transaction_Currency",
    "id": "R128"
  },
  {
    "type": "fd",
    "determinant": "Merchant_ID",
    "dependent": "Customer_Contact",
    "id": "R129"
  },
  {
    "type": "fd",
    "determinant": "Merchant_ID",
    "dependent": "Transaction_Description",
    "id": "R130"
  },
  {
    "type": "fd",
    "determinant": "Merchant_ID",
    "dependent": "Customer_Email",
    "id": "R131"
  },
  {
    "type": "fd",
    "determinant": "Transaction_Type",
    "dependent": "Transaction_Currency",
    "id": "R132"
  },
  {
    "type": "fd",
    "determinant": "Merchant_Category",
    "dependent": "Transaction_Currency",
    "id": "R133"
  },
  {
    "type": "fd",
    "determinant": "Account_Balance",
    "dependent": "Transaction_Currency",
    "id": "R134"
  },
  {
    "type": "fd",
    "determinant": "Transaction_Device",
    "dependent": "Transaction_Currency",
    "id": "R135"
  },
  {
    "type": "fd",
    "determinant": "Transaction_Location",
    "dependent": "State",
    "id": "R136"
  },
  {
    "type": "fd",
    "determinant": "Transaction_Location",
    "dependent": "City",
    "id": "R137"
  },
  {
    "type": "fd",
    "determinant": "Transaction_Location",
    "dependent": "Bank_Branch",
    "id": "R138"
  },
  {
    "type": "fd",
    "determinant": "Transaction_Location",
    "dependent": "Transaction_Currency",
    "id": "R139"
  },
  {
    "type": "fd",
    "determinant": "Device_Type",
    "dependent": "Transaction_Currency",
    "id": "R140"
  },
  {
    "type": "fd",
    "determinant": "Is_Fraud",
    "dependent": "Transaction_Currency",
    "id": "R141"
  },
  {
    "type": "fd",
    "determinant": "Customer_Contact",
    "dependent": "Transaction_Currency",
    "id": "R142"
  },
  {
    "type": "fd",
    "determinant": "Transaction_Description",
    "dependent": "Transaction_Currency",
    "id": "R143"
  },
  {
    "type": "fd",
    "determinant": "Customer_Email",
    "dependent": "Transaction_Currency",
    "id": "R144"
  },
  {
    "column": "Age",
    "type": "outlier",
    "mean": 44.01511,
    "std": 15.288774326969515,
    "z_thresh": 3.0,
    "id": "R145"
  },
  {
    "column": "Transaction_Amount",
    "type": "outlier",
    "mean": 49538.0155542,
    "std": 28551.874003822944,
    "z_thresh": 3.0,
    "id": "R146"
  },
  {
    "column": "Account_Balance",
    "type": "outlier",
    "mean": 52437.98878355,
    "std": 27399.507128068526,
    "z_thresh": 3.0,
    "id": "R147"
  },
  {
    "column": "Is_Fraud",
    "type": "outlier",
    "mean": 0.05044,
    "std": 0.21885165267877096,
    "z_thresh": 3.0,
    "id": "R148"
  },
  {
    "column": "Customer_Name",
    "type": "standardize",
    "format": "lowercase",
    "id": "R149"
  },
  {
    "column": "Gender",
    "type": "standardize",
    "format": "lowercase",
    "id": "R150"
  },
  {
    "column": "State",
    "type": "standardize",
    "format": "lowercase",
    "id": "R151"
  },
  {
    "column": "City",
    "type": "standardize",
    "format": "lowercase",
    "id": "R152"
  },
  {
    "column": "Bank_Branch",
    "type": "standardize",
    "format": "lowercase",
    "id": "R153"
  },
  {
    "column": "Account_Type",
    "type": "standardize",
    "format": "lowercase",
    "id": "R154"
  },
  {
    "column": "Transaction_Type",
    "type": "standardize",
    "format": "lowercase",
    "id": "R155"
  },
  {
    "column": "Merchant_Category",
    "type": "standardize",
    "format": "lowercase",
    "id": "R156"
  },
  {
    "column": "Transaction_Device",
    "type": "standardize",
    "format": "lowercase",
    "id": "R157"
  },
  {
    "column": "Transaction_Location",
    "type": "standardize",
    "format": "lowercase",
    "id": "R158"
  },
  {
    "column": "Device_Type",
    "type": "standardize",
    "format": "lowercase",
    "id": "R159"
  },
  {
    "column": "Transaction_Description",
    "type": "standardize",
    "format": "lowercase",
    "id": "R160"
  },
  {
    "column": "Customer_Email",
    "type": "standardize",
    "format": "uppercase",
    "id": "R161"
  }
]